John,Smith,5551234567,john.smith.123@example.com,01/15/1975,business,Tech Corp
Jane,Doe,6789012345,jane.doe.456@example.com,03/22/1980,friend,Janie
Michael,Johnson,7890123456,michael.johnson.789@example.com,07/10/1965,family,Brother
Sarah,Williams,2345678901,sarah.williams.234@example.com,11/05/1990,business,Global Solutions
David,Brown,3456789012,david.brown.567@example.com,02/28/1985,friend,Dave
Emily,Jones,4567890123,emily.jones.890@example.com,09/12/1970,family,Sister
James,Wilson,5678901234,james.wilson.123@example.com,04/17/1995,business,Innovate Inc
Lisa,Taylor,6789012346,lisa.taylor.456@example.com,06/25/1988,friend,Liz
Robert,Anderson,7890123457,robert.anderson.789@example.com,12/01/1960,family,Father
Emma,Thomas,2345678902,emma.thomas.234@example.com,08/14/2000,business,Future Enterprises
William,Martin,3456789013,william.martin.567@example.com,05/19/1978,friend,Will
Olivia,Lee,4567890124,olivia.lee.890@example.com,10/03/1992,family,Cousin
Thomas,Harris,5678901235,thomas.harris.123@example.com,02/11/1983,business,Star Industries
Sophia,Lewis,6789012348,sophia.lewis.456@example.com,07/27/1967,friend,Sophie
Charles,Walker,7890123459,charles.walker.789@example.com,01/08/1998,family,Uncle
Ava,Clark,2345678904,ava.clark.234@example.com,04/22/1972,business,Vision LLC
John,Adams,3456789015,john.adams.567@example.com,09/16/1989,friend,Johnny
Jane,Miller,4567890126,jane.miller.890@example.com,06/30/1974,family,Aunt
Michael,Allen,5678901237,michael.allen.123@example.com,12/14/2001,business,Progress Co
Sarah,Young,6789012340,sarah.young.456@example.com,03/09/1969,friend,Sally
David,Scott,7890123451,david.scott.789@example.com,08/25/1986,business,Elite Systems
Emily,Green,2345678906,emily.green.234@example.com,11/20/1993,family,Grandparent
James,Hall,3456789017,james.hall.567@example.com,05/04/1971,friend,Jimmy
Lisa,King,4567890128,lisa.king.890@example.com,10/28/1984,business,Tech Corp
Robert,Baker,5678901239,robert.baker.123@example.com,02/12/1999,family,Brother
Emma,Adams,6789012342,emma.adams.456@example.com,07/06/1966,friend,Em
William,Clark,7890123453,william.clark.789@example.com,01/01/1981,business,Global Solutions
Olivia,Davis,2345678908,olivia.davis.234@example.com,04/26/1996,family,Sister
Thomas,Evans,3456789019,thomas.evans.567@example.com,09/10/1973,friend,Tom
Sophia,Foster,4567890120,sophia.foster.890@example.com,06/24/1988,business,Innovate Inc
Charles,Gray,5678901241,charles.gray.123@example.com,11/18/1964,family,Father
Ava,Hill,6789012344,ava.hill.456@example.com,03/02/2002,friend,Ava
John,James,7890123455,john.james.789@example.com,08/16/1979,business,Future Enterprises
Jane,Kelly,2345678900,jane.kelly.234@example.com,12/31/1994,family,Cousin
Michael,Lewis,3456789021,michael.lewis.567@example.com,05/15/1968,friend,Mike
Sarah,Martin,4567890122,sarah.martin.890@example.com,10/09/1983,business,Star Industries
David,Nelson,5678901243,david.nelson.123@example.com,02/23/1998,family,Uncle
Emily,Owens,6789012347,emily.owens.456@example.com,07/08/1976,friend,Em
James,Parker,7890123458,james.parker.789@example.com,01/02/1991,business,Vision LLC
Lisa,Quinn,2345678909,lisa.quinn.234@example.com,04/27/1965,family,Aunt
Robert,Reed,3456789023,robert.reed.567@example.com,09/21/1980,friend,Rob
Emma,Smith,4567890124,emma.smith.890@example.com,06/05/1995,family,Grandparent
William,Taylor,5678901245,william.taylor.123@example.com,11/29/1972,business,Progress Co
Olivia,Underwood,6789012349,olivia.underwood.456@example.com,03/14/1987,friend,Liv
Thomas,Vance,7890123460,thomas.vance.789@example.com,08/08/1969,business,Elite Systems
Sophia,Walker,2345678911,sophia.walker.234@example.com,12/24/2000,family,Brother
Charles,Young,3456789025,charles.young.567@example.com,05/18/1977,friend,Charlie
Ava,Adams,4567890126,ava.adams.890@example.com,10/12/1992,family,Sister
John,Brown,5678901247,john.brown.123@example.com,02/26/1966,business,Tech Corp
Jane,Clark,6789012350,jane.clark.456@example.com,07/11/1981,friend,Janie
Michael,Davis,7890123461,michael.davis.789@example.com,01/05/1996,family,Father
Sarah,Evans,2345678912,sarah.evans.234@example.com,04/20/1974,business,Global Solutions
David,Foster,3456789027,david.foster.567@example.com,09/14/1989,friend,Dave
Emily,Gray,4567890128,emily.gray.890@example.com,06/28/1968,family,Cousin
James,Hill,5678901249,james.hill.123@example.com,11/22/1983,business,Innovate Inc
Lisa,James,6789012352,lisa.james.456@example.com,03/07/1998,friend,Liz
Robert,Kelly,7890123463,robert.kelly.789@example.com,08/01/1975,family,Uncle
Emma,Lewis,2345678914,emma.lewis.234@example.com,12/16/1990,business,Future Enterprises
William,Martin,3456789029,william.martin.567@example.com,05/31/1967,friend,Will
Olivia,Nelson,4567890130,olivia.nelson.890@example.com,10/25/1982,family,Aunt
Thomas,Owens,5678901251,thomas.owens.123@example.com,02/09/1997,business,Star Industries
Sophia,Parker,6789012354,sophia.parker.456@example.com,07/04/1971,friend,Sophie
Charles,Quinn,7890123465,charles.quinn.789@example.com,01/19/1986,family,Grandparent
Ava,Reed,2345678916,ava.reed.234@example.com,04/03/2001,business,Vision LLC
John,Smith,3456789031,john.smith.567@example.com,08/29/1978,friend,Johnny
Jane,Taylor,4567890132,jane.taylor.890@example.com,12/13/1993,family,Brother
Michael,Underwood,5678901253,michael.underwood.123@example.com,05/28/1969,friend,Mike
Sarah,Vance,6789012356,sarah.vance.456@example.com,10/22/1984,business,Progress Co
David,Walker,7890123467,david.walker.789@example.com,03/08/1999,family,Sister
Emily,Young,2345678918,emily.young.234@example.com,07/02/1976,friend,Em
James,Adams,3456789033,james.adams.567@example.com,01/16/1991,business,Elite Systems
Lisa,Brown,4567890134,lisa.brown.890@example.com,04/30/1965,family,Father
Robert,Clark,5678901255,robert.clark.123@example.com,09/24/1980,friend,Rob
Emma,Davis,6789012358,emma.davis.456@example.com,06/09/1995,family,Cousin
William,Evans,7890123469,william.evans.789@example.com,11/03/1972,business,Tech Corp
Olivia,Foster,2345678920,olivia.foster.234@example.com,02/17/1987,friend,Liv
Thomas,Gray,3456789035,thomas.gray.567@example.com,07/12/1968,business,Global Solutions
Sophia,Hill,4567890136,sophia.hill.890@example.com,01/26/2000,family,Uncle
Charles,James,5678901257,charles.james.123@example.com,05/11/1977,friend,Charlie
Ava,Kelly,6789012360,ava.kelly.456@example.com,10/05/1992,family,Aunt
John,Lewis,7890123471,john.lewis.789@example.com,03/21/1966,business,Innovate Inc
Jane,Martin,2345678922,jane.martin.234@example.com,07/15/1981,friend,Janie
Michael,Nelson,3456789037,michael.nelson.567@example.com,12/30/1996,family,Grandparent
Sarah,Owens,4567890138,sarah.owens.890@example.com,04/14/1974,business,Future Enterprises
David,Parker,5678901259,david.parker.123@example.com,09/08/1989,friend,Dave
Emily,Quinn,6789012362,emily.quinn.456@example.com,06/23/1967,family,Brother
James,Reed,7890123473,james.reed.789@example.com,11/17/1982,business,Star Industries
Lisa,Smith,2345678924,lisa.smith.234@example.com,02/01/1998,friend,Liz
Robert,Taylor,3456789039,robert.taylor.567@example.com,07/27/1975,family,Sister
Emma,Underwood,4567890140,emma.underwood.890@example.com,12/11/1990,business,Vision LLC
William,Vance,5678901261,william.vance.123@example.com,05/25/1969,friend,Will
Olivia,Walker,6789012364,olivia.walker.456@example.com,10/20/1984,family,Father
Thomas,Young,7890123475,thomas.young.789@example.com,03/06/1999,friend,Tom
Sophia,Adams,2345678926,sophia.adams.234@example.com,07/31/1976,business,Progress Co
Charles,Brown,3456789041,charles.brown.567@example.com,01/14/1991,family,Cousin
Ava,Clark,4567890142,ava.clark.890@example.com,04/29/1965,friend,Ava
John,Davis,5678901263,john.davis.123@example.com,09/23/1980,family,Uncle
Jane,Evans,6789012366,jane.evans.456@example.com,06/07/1995,friend,Janie
Michael,Foster,7890123477,michael.foster.789@example.com,11/01/1972,business,Elite Systems
Sarah,Gray,2345678928,sarah.gray.234@example.com,02/15/1987,family,Aunt
David,Hill,3456789043,david.hill.567@example.com,07/10/1968,business,Tech Corp
Emily,James,4567890144,emily.james.890@example.com,01/24/2000,friend,Em
James,Kelly,5678901265,james.kelly.123@example.com,05/09/1977,family,Grandparent
Lisa,Lewis,6789012368,lisa.lewis.456@example.com,10/03/1992,friend,Liz
Robert,Martin,7890123479,robert.martin.789@example.com,03/19/1966,business,Global Solutions
Emma,Nelson,2345678930,emma.nelson.234@example.com,07/13/1981,family,Brother
William,Owens,3456789045,william.owens.567@example.com,12/28/1996,friend,Will
Olivia,Parker,4567890146,olivia.parker.890@example.com,04/12/1974,business,Innovate Inc
Thomas,Quinn,5678901267,thomas.quinn.123@example.com,09/06/1989,family,Sister
Sophia,Reed,6789012370,sophia.reed.456@example.com,06/21/1967,business,Future Enterprises
Charles,Smith,7890123481,charles.smith.789@example.com,11/15/1982,friend,Charlie
Ava,Taylor,2345678932,ava.taylor.234@example.com,02/29/1998,family,Father
John,Underwood,3456789047,john.underwood.567@example.com,07/25/1975,friend,Johnny
Jane,Vance,4567890148,jane.vance.890@example.com,12/09/1990,business,Star Industries
Michael,Walker,5678901269,michael.walker.123@example.com,05/24/1969,family,Cousin
Sarah,Young,6789012372,sarah.young.456@example.com,10/18/1984,friend,Sally
David,Adams,7890123483,david.adams.789@example.com,03/04/1999,family,Uncle
Emily,Brown,2345678934,emily.brown.234@example.com,07/29/1976,business,Vision LLC
James,Clark,3456789049,james.clark.567@example.com,01/12/1991,friend,Jimmy
Lisa,Davis,4567890150,lisa.davis.890@example.com,04/27/1965,family,Aunt
Robert,Evans,5678901271,robert.evans.123@example.com,09/21/1980,friend,Rob
Emma,Foster,6789012374,emma.foster.456@example.com,06/05/1995,family,Grandparent
William,Gray,7890123485,william.gray.789@example.com,11/30/1972,business,Progress Co
Olivia,Hill,2345678936,olivia.hill.234@example.com,02/14/1987,friend,Liv
Thomas,James,3456789051,thomas.james.567@example.com,07/09/1968,business,Elite Systems
Sophia,Kelly,4567890152,sophia.kelly.890@example.com,01/23/2000,family,Brother
Charles,Lewis,5678901273,charles.lewis.123@example.com,05/08/1977,friend,Charlie
Ava,Martin,6789012376,ava.martin.456@example.com,10/02/1992,family,Sister
John,Nelson,7890123487,john.nelson.789@example.com,03/18/1966,business,Tech Corp
Jane,Owens,2345678938,jane.owens.234@example.com,07/12/1981,friend,Janie
Michael,Parker,3456789053,michael.parker.567@example.com,12/27/1996,family,Father
Sarah,Quinn,4567890154,sarah.quinn.890@example.com,04/11/1974,business,Global Solutions
David,Reed,5678901275,david.reed.123@example.com,09/05/1989,friend,Dave
Emily,Smith,6789012378,emily.smith.456@example.com,06/20/1967,family,Cousin
James,Taylor,7890123489,james.taylor.789@example.com,11/14/1982,friend,Jimmy
Lisa,Underwood,2345678940,lisa.underwood.234@example.com,02/28/1998,family,Uncle
Robert,Vance,3456789055,robert.vance.567@example.com,07/24/1975,business,Innovate Inc
Emma,Walker,4567890156,emma.walker.890@example.com,12/08/1990,friend,Em
William,Young,5678901277,william.young.123@example.com,05/23/1969,family,Aunt
Olivia,Adams,6789012380,olivia.adams.456@example.com,10/17/1984,business,Future Enterprises
Thomas,Brown,7890123491,thomas.brown.789@example.com,03/03/1999,friend,Tom
Sophia,Clark,2345678942,sophia.clark.234@example.com,07/28/1976,business,Star Industries
Charles,Davis,3456789057,charles.davis.567@example.com,01/11/1991,family,Grandparent
Ava,Evans,4567890158,ava.evans.890@example.com,04/26/1965,business,Vision LLC
John,Foster,5678901279,john.foster.123@example.com,09/20/1980,family,Brother
Jane,Gray,6789012382,jane.gray.456@example.com,06/04/1995,friend,Janie
Michael,Hill,7890123493,michael.hill.789@example.com,11/29/1972,business,Progress Co
Sarah,James,2345678944,sarah.james.234@example.com,02/13/1987,family,Aunt
David,Kelly,3456789059,david.kelly.567@example.com,07/08/1968,business,Tech Corp
Emily,Lewis,4567890160,emily.lewis.890@example.com,01/22/2000,friend,Em
James,Martin,5678901281,james.martin.123@example.com,05/07/1977,business,Global Solutions
Lisa,Nelson,6789012384,lisa.nelson.456@example.com,10/01/1992,friend,Liz
Robert,Owens,7890123495,robert.owens.789@example.com,03/17/1966,family,Uncle
Emma,Parker,2345678946,emma.parker.234@example.com,07/11/1981,friend,Em
William,Quinn,3456789061,william.quinn.567@example.com,12/26/1996,family,Grandparent
Olivia,Reed,4567890162,olivia.reed.890@example.com,04/10/1974,business,Innovate Inc
Thomas,Smith,5678901283,thomas.smith.123@example.com,09/04/1989,friend,Tom
Sophia,Taylor,6789012386,sophia.taylor.456@example.com,06/19/1967,family,Brother
Charles,Underwood,7890123497,charles.underwood.789@example.com,11/13/1982,friend,Charlie
Ava,Vance,2345678948,ava.vance.234@example.com,02/27/1998,business,Future Enterprises
John,Walker,3456789063,john.walker.567@example.com,07/23/1975,family,Sister
Jane,Young,4567890164,jane.young.890@example.com,12/07/1990,friend,Janie
Michael,Adams,5678901285,michael.adams.123@example.com,05/22/1969,family,Father
Sarah,Brown,6789012388,sarah.brown.456@example.com,10/16/1984,business,Star Industries
David,Clark,7890123499,david.clark.789@example.com,03/02/1999,friend,Dave
Emily,Davis,2345678950,emily.davis.234@example.com,07/27/1976,family,Cousin
James,Evans,3456789065,james.evans.567@example.com,01/10/1991,friend,Jimmy
Lisa,Foster,4567890166,lisa.foster.890@example.com,04/25/1965,business,Vision LLC
Robert,Gray,5678901287,robert.gray.123@example.com,09/19/1980,friend,Rob
Emma,Hill,6789012390,emma.hill.456@example.com,06/03/1995,family,Uncle
William,James,7890123501,william.james.789@example.com,11/28/1972,business,Progress Co
Olivia,Kelly,2345678952,olivia.kelly.234@example.com,02/12/1987,friend,Liv
Thomas,Lewis,3456789067,thomas.lewis.567@example.com,07/07/1968,business,Elite Systems
Sophia,Martin,4567890168,sophia.martin.890@example.com,01/21/2000,family,Aunt
Charles,Nelson,5678901289,charles.nelson.123@example.com,05/06/1977,friend,Charlie
Ava,Owens,6789012392,ava.owens.456@example.com,10/31/1992,friend,Ava
John,Parker,7890123503,john.parker.789@example.com,03/16/1966,family,Grandparent
Jane,Quinn,2345678954,jane.quinn.234@example.com,07/10/1981,friend,Janie
Michael,Reed,3456789069,michael.reed.567@example.com,12/25/1996,family,Brother
Sarah,Smith,4567890170,sarah.smith.890@example.com,04/09/1974,business,Tech Corp
David,Taylor,5678901291,david.taylor.123@example.com,09/03/1989,friend,Dave
Emily,Underwood,6789012394,emily.underwood.456@example.com,06/18/1967,business,Global Solutions
James,Vance,7890123505,james.vance.789@example.com,11/12/1982,friend,Jimmy
Lisa,Walker,2345678956,lisa.walker.234@example.com,02/26/1998,friend,Liz
Robert,Young,3456789071,robert.young.567@example.com,07/22/1975,business,Innovate Inc
Emma,Adams,4567890172,emma.adams.890@example.com,12/06/1990,family,Sister
William,Brown,5678901293,william.brown.123@example.com,05/21/1969,friend,Will
Olivia,Clark,6789012396,olivia.clark.456@example.com,10/15/1984,business,Future Enterprises
Thomas,Davis,7890123507,thomas.davis.789@example.com,03/01/1999,friend,Tom
Sophia,Evans,2345678958,sophia.evans.234@example.com,07/26/1976,family,Father
Charles,Foster,3456789073,charles.foster.567@example.com,01/09/1991,family,Cousin
Ava,Gray,4567890174,ava.gray.890@example.com,04/24/1965,business,Star Industries
John,Hill,5678901295,john.hill.123@example.com,09/18/1980,friend,Johnny
Jane,James,6789012398,jane.james.456@example.com,06/02/1995,family,Uncle
Michael,Kelly,7890123509,michael.kelly.789@example.com,11/27/1972,friend,Mike
Sarah,Lewis,2345678960,sarah.lewis.234@example.com,02/11/1987,family,Aunt
David,Martin,3456789075,david.martin.567@example.com,07/06/1968,business,Vision LLC
Emily,Nelson,4567890176,emily.nelson.890@example.com,01/20/2000,friend,Em
James,Owens,5678901297,james.owens.123@example.com,05/05/1977,family,Grandparent
Lisa,Parker,6789012400,lisa.parker.456@example.com,10/30/1992,friend,Liz
Robert,Quinn,7890123511,robert.quinn.789@example.com,03/15/1966,business,Progress Co
Emma,Reed,2345678962,emma.reed.234@example.com,07/09/1981,family,Brother
William,Smith,3456789077,william.smith.567@example.com,12/24/1996,friend,Will
Olivia,Taylor,4567890178,olivia.taylor.890@example.com,04/08/1974,business,Elite Systems
Thomas,Underwood,5678901299,thomas.underwood.123@example.com,09/02/1989,friend,Tom
Sophia,Vance,6789012402,sophia.vance.456@example.com,06/17/1967,family,Sister
Charles,Walker,7890123513,charles.walker.789@example.com,11/11/1982,friend,Charlie
Ava,Young,2345678964,ava.young.234@example.com,02/25/1998,family,Father
John,Adams,3456789079,john.adams.567@example.com,07/21/1975,business,Tech Corp
Jane,Brown,4567890180,jane.brown.890@example.com,12/05/1990,friend,Janie
Michael,Clark,5678901301,michael.clark.123@example.com,05/20/1969,family,Cousin
Sarah,Davis,6789012404,sarah.davis.456@example.com,10/14/1984,business,Global Solutions
David,Evans,7890123515,david.evans.789@example.com,03/31/1999,family,Uncle
Emily,Foster,2345678966,emily.foster.234@example.com,07/25/1976,friend,Em
James,Gray,3456789081,james.gray.567@example.com,01/08/1991,family,Aunt
Lisa,Hill,4567890182,lisa.hill.890@example.com,04/23/1965,business,Innovate Inc
Robert,James,5678901303,robert.james.123@example.com,09/17/1980,friend,Rob
Emma,Kelly,6789012406,emma.kelly.456@example.com,06/01/1995,family,Grandparent
William,Lewis,7890123517,william.lewis.789@example.com,11/26/1972,friend,Will
Olivia,Martin,2345678968,olivia.martin.234@example.com,02/10/1987,family,Brother
Thomas,Nelson,3456789083,thomas.nelson.567@example.com,07/05/1968,business,Future Enterprises
Sophia,Owens,4567890184,sophia.owens.890@example.com,01/19/2000,friend,Sophie
Charles,Parker,5678901305,charles.parker.123@example.com,05/04/1977,family,Sister
Ava,Quinn,6789012408,ava.quinn.456@example.com,10/29/1992,friend,Ava
John,Reed,7890123519,john.reed.789@example.com,03/14/1966,business,Star Industries
Jane,Smith,2345678970,jane.smith.234@example.com,07/08/1981,friend,Janie
Michael,Taylor,3456789085,michael.taylor.567@example.com,12/23/1996,family,Father
Sarah,Underwood,4567890186,sarah.underwood.890@example.com,04/07/1974,business,Vision LLC
David,Vance,5678901307,david.vance.123@example.com,09/01/1989,friend,Dave
Emily,Walker,6789012410,emily.walker.456@example.com,06/16/1967,friend,Em
James,Young,7890123521,james.young.789@example.com,11/10/1982,family,Cousin
Lisa,Adams,2345678972,lisa.adams.234@example.com,02/24/1998,friend,Liz
Robert,Brown,3456789087,robert.brown.567@example.com,07/20/1975,business,Progress Co
Emma,Clark,4567890188,emma.clark.890@example.com,12/04/1990,family,Uncle
William,Davis,5678901309,william.davis.123@example.com,05/19/1969,friend,Will
Olivia,Evans,6789012412,olivia.evans.456@example.com,10/13/1984,business,Elite Systems
Thomas,Foster,7890123523,thomas.foster.789@example.com,03/30/1999,friend,Tom
Sophia,Gray,2345678974,sophia.gray.234@example.com,07/24/1976,family,Aunt
Charles,Hill,3456789089,charles.hill.567@example.com,01/07/1991,family,Grandparent
Ava,James,4567890190,ava.james.890@example.com,04/22/1965,business,Tech Corp
John,Kelly,5678901311,john.kelly.123@example.com,09/16/1980,friend,Johnny
Jane,Lewis,6789012414,jane.lewis.456@example.com,06/30/1995,family,Brother
Michael,Martin,7890123525,michael.martin.789@example.com,11/25/1972,friend,Mike
Sarah,Nelson,2345678976,sarah.nelson.234@example.com,02/09/1987,family,Sister
David,Owens,3456789091,david.owens.567@example.com,07/04/1968,business,Global Solutions
Emily,Parker,4567890192,emily.parker.890@example.com,01/18/2000,friend,Em
James,Quinn,5678901313,james.quinn.123@example.com,05/03/1977,family,Father
Lisa,Reed,6789012416,lisa.reed.456@example.com,10/28/1992,friend,Liz
Robert,Smith,7890123527,robert.smith.789@example.com,03/13/1966,business,Innovate Inc
Emma,Taylor,2345678978,emma.taylor.234@example.com,07/07/1981,family,Cousin
William,Underwood,3456789093,william.underwood.567@example.com,12/22/1996,friend,Will
Olivia,Vance,4567890194,olivia.vance.890@example.com,04/06/1974,business,Future Enterprises
Thomas,Walker,5678901315,thomas.walker.123@example.com,09/31/1989,friend,Tom
Sophia,Young,6789012418,sophia.young.456@example.com,06/15/1967,family,Uncle
Charles,Adams,7890123529,charles.adams.789@example.com,11/09/1982,friend,Charlie
Ava,Brown,2345678980,ava.brown.234@example.com,02/23/1998,family,Aunt
John,Clark,3456789095,john.clark.567@example.com,07/19/1975,business,Star Industries
Jane,Davis,4567890196,jane.davis.890@example.com,12/03/1990,friend,Janie
Michael,Evans,5678901317,michael.evans.123@example.com,05/18/1969,family,Grandparent
Sarah,Foster,6789012420,sarah.foster.456@example.com,10/12/1984,business,Vision LLC
David,Gray,7890123531,david.gray.789@example.com,03/29/1999,friend,Dave
Emily,Hill,2345678982,emily.hill.234@example.com,07/23/1976,family,Brother
James,James,3456789097,james.james.567@example.com,01/06/1991,friend,Jimmy
Lisa,Kelly,4567890198,lisa.kelly.890@example.com,04/21/1965,business,Progress Co
Robert,Lewis,5678901319,robert.lewis.123@example.com,09/15/1980,friend,Rob
Emma,Martin,6789012422,emma.martin.456@example.com,06/29/1995,family,Sister
William,Nelson,7890123533,william.nelson.789@example.com,11/24/1972,friend,Will
Olivia,Owens,2345678984,olivia.owens.234@example.com,02/08/1987,family,Father
Thomas,Parker,3456789099,thomas.parker.567@example.com,07/03/1968,business,Elite Systems
Sophia,Quinn,4567890200,sophia.quinn.890@example.com,01/17/2000,friend,Sophie
Charles,Reed,5678901321,charles.reed.123@example.com,05/02/1977,family,Cousin
Ava,Smith,6789012424,ava.smith.456@example.com,10/27/1992,friend,Ava
John,Taylor,7890123535,john.taylor.789@example.com,03/12/1966,business,Tech Corp
Jane,Underwood,2345678986,jane.underwood.234@example.com,07/06/1981,friend,Janie
Michael,Vance,3456789101,michael.vance.567@example.com,12/21/1996,family,Uncle
Sarah,Walker,4567890202,sarah.walker.890@example.com,04/05/1974,business,Global Solutions
David,Young,5678901323,david.young.123@example.com,08/30/1989,friend,Dave
Emily,Adams,6789012426,emily.adams.456@example.com,06/14/1967,family,Aunt
James,Brown,7890123537,james.brown.789@example.com,11/08/1982,friend,Jimmy
Lisa,Clark,2345678988,lisa.clark.234@example.com,02/22/1998,friend,Liz
Robert,Davis,3456789103,robert.davis.567@example.com,07/18/1975,business,Innovate Inc
Emma,Evans,4567890204,emma.evans.890@example.com,12/02/1990,family,Sister
William,Foster,5678901325,william.foster.123@example.com,05/17/1969,friend,Will
Olivia,Gray,6789012428,olivia.gray.456@example.com,10/11/1984,business,Future Enterprises
Thomas,Hill,7890123539,thomas.hill.789@example.com,03/28/1999,friend,Tom
Sophia,James,2345678990,sophia.james.234@example.com,07/22/1976,family,Father
Charles,Kelly,3456789105,charles.kelly.567@example.com,01/05/1991,family,Cousin
Ava,Lewis,4567890206,ava.lewis.890@example.com,04/20/1965,business,Star Industries
John,Martin,5678901327,john.martin.123@example.com,09/14/1980,friend,Johnny
Jane,Nelson,6789012430,jane.nelson.456@example.com,06/28/1995,family,Uncle
Michael,Owens,7890123541,michael.owens.789@example.com,11/23/1972,friend,Mike
Sarah,Parker,2345678992,sarah.parker.234@example.com,02/07/1987,family,Aunt
David,Quinn,3456789107,david.quinn.567@example.com,07/02/1968,business,Vision LLC
Emily,Reed,4567890208,emily.reed.890@example.com,01/16/2000,friend,Em
James,Smith,5678901329,james.smith.123@example.com,05/01/1977,family,Grandparent
Lisa,Taylor,6789012432,lisa.taylor.456@example.com,10/26/1992,friend,Liz
Robert,Underwood,7890123543,robert.underwood.789@example.com,03/11/1966,business,Progress Co
Emma,Vance,2345678994,emma.vance.234@example.com,07/05/1981,family,Brother
William,Walker,3456789109,william.walker.567@example.com,12/20/1996,friend,Will
Olivia,Young,4567890210,olivia.young.890@example.com,04/04/1974,business,Elite Systems
Thomas,Adams,5678901331,thomas.adams.123@example.com,08/29/1989,friend,Tom
Sophia,Brown,6789012434,sophia.brown.456@example.com,06/13/1967,family,Sister
Charles,Clark,7890123545,charles.clark.789@example.com,11/07/1982,friend,Charlie
Ava,Davis,2345678996,ava.davis.234@example.com,02/21/1998,family,Father
John,Evans,3456789111,john.evans.567@example.com,07/17/1975,business,Tech Corp
Jane,Foster,4567890212,jane.foster.890@example.com,12/01/1990,friend,Janie
Michael,Gray,5678901333,michael.gray.123@example.com,05/16/1969,family,Cousin
Sarah,Hill,6789012436,sarah.hill.456@example.com,10/10/1984,business,Global Solutions
David,James,7890123547,david.james.789@example.com,03/27/1999,friend,Dave
Emily,Kelly,2345678998,emily.kelly.234@example.com,07/21/1976,family,Uncle
James,Lewis,3456789113,james.lewis.567@example.com,01/04/1991,friend,Jimmy
Lisa,Martin,4567890214,lisa.martin.890@example.com,04/19/1965,business,Innovate Inc
Robert,Nelson,5678901335,robert.nelson.123@example.com,09/13/1980,friend,Rob
Emma,Owens,6789012438,emma.owens.456@example.com,06/27/1995,family,Aunt
William,Parker,7890123549,william.parker.789@example.com,11/22/1972,friend,Will
Olivia,Quinn,2345679000,olivia.quinn.234@example.com,02/06/1987,family,Grandparent
Thomas,Reed,3456789115,thomas.reed.567@example.com,07/01/1968,business,Future Enterprises
Sophia,Smith,4567890216,sophia.smith.890@example.com,01/15/2000,friend,Sophie
Charles,Taylor,5678901337,charles.taylor.123@example.com,05/31/1977,family,Brother
Ava,Underwood,6789012440,ava.underwood.456@example.com,10/25/1992,friend,Ava
John,Vance,7890123551,john.vance.789@example.com,03/10/1966,business,Star Industries
Jane,Walker,2345679002,jane.walker.234@example.com,07/04/1981,friend,Janie
Michael,Young,3456789117,michael.young.567@example.com,12/19/1996,family,Sister
Sarah,Adams,4567890218,sarah.adams.890@example.com,04/03/1974,business,Vision LLC
David,Brown,5678901339,david.brown.123@example.com,08/28/1989,friend,Dave
Emily,Clark,6789012442,emily.clark.456@example.com,06/12/1967,friend,Em
James,Davis,7890123553,james.davis.789@example.com,11/06/1982,family,Father
Lisa,Evans,2345679004,lisa.evans.234@example.com,02/20/1998,friend,Liz
Robert,Foster,3456789119,robert.foster.567@example.com,07/16/1975,business,Progress Co
Emma,Gray,4567890220,emma.gray.890@example.com,12/31/1990,family,Cousin
William,Hill,5678901341,william.hill.123@example.com,05/15/1969,friend,Will
Olivia,James,6789012444,olivia.james.456@example.com,10/09/1984,business,Elite Systems
Thomas,Kelly,7890123555,thomas.kelly.789@example.com,03/26/1999,friend,Tom
Sophia,Lewis,2345679006,sophia.lewis.234@example.com,07/20/1976,family,Uncle
Charles,Martin,3456789121,charles.martin.567@example.com,01/03/1991,family,Aunt
Ava,Nelson,4567890222,ava.nelson.890@example.com,04/18/1965,business,Tech Corp
John,Owens,5678901343,john.owens.123@example.com,09/12/1980,friend,Johnny
Jane,Parker,6789012446,jane.parker.456@example.com,06/26/1995,family,Grandparent
Michael,Quinn,7890123557,michael.quinn.789@example.com,11/21/1972,friend,Mike
Sarah,Reed,2345679008,sarah.reed.234@example.com,02/05/1987,family,Brother
David,Smith,3456789123,david.smith.567@example.com,06/30/1968,business,Global Solutions
Emily,Taylor,4567890224,emily.taylor.890@example.com,01/14/2000,friend,Em
James,Underwood,5678901345,james.underwood.123@example.com,05/29/1977,family,Sister
Lisa,Vance,6789012448,lisa.vance.456@example.com,10/24/1992,friend,Liz
Robert,Walker,7890123559,robert.walker.789@example.com,03/09/1966,business,Innovate Inc
Emma,Young,2345679010,emma.young.234@example.com,07/03/1981,family,Father
William,Adams,3456789125,william.adams.567@example.com,12/18/1996,friend,Will
Olivia,Brown,4567890226,olivia.brown.890@example.com,04/02/1974,business,Future Enterprises
Thomas,Clark,5678901347,thomas.clark.123@example.com,08/27/1989,friend,Tom
Sophia,Davis,6789012450,sophia.davis.456@example.com,06/11/1967,family,Cousin
Charles,Evans,7890123561,charles.evans.789@example.com,11/05/1982,friend,Charlie
Ava,Foster,2345679012,ava.foster.234@example.com,02/19/1998,family,Uncle
John,Gray,3456789127,john.gray.567@example.com,07/15/1975,business,Star Industries
Jane,Hill,4567890228,jane.hill.890@example.com,12/29/1990,friend,Janie
Michael,James,5678901349,michael.james.123@example.com,05/14/1969,family,Aunt
Sarah,Kelly,6789012452,sarah.kelly.456@example.com,10/08/1984,business,Vision LLC
David,Lewis,7890123563,david.lewis.789@example.com,03/25/1999,friend,Dave
Emily,Martin,2345679014,emily.martin.234@example.com,07/19/1976,family,Grandparent
James,Nelson,3456789129,james.nelson.567@example.com,01/02/1991,friend,Jimmy
Lisa,Owens,4567890230,lisa.owens.890@example.com,04/17/1965,business,Progress Co
Robert,Parker,5678901351,robert.parker.123@example.com,09/11/1980,friend,Rob
Emma,Quinn,6789012454,emma.quinn.456@example.com,06/25/1995,family,Brother
William,Reed,7890123565,william.reed.789@example.com,11/20/1972,friend,Will
Olivia,Smith,2345679016,olivia.smith.234@example.com,02/04/1987,family,Sister
Thomas,Taylor,3456789131,thomas.taylor.567@example.com,06/29/1968,business,Elite Systems
Sophia,Underwood,4567890232,sophia.underwood.890@example.com,01/13/2000,friend,Sophie
Charles,Vance,5678901353,charles.vance.123@example.com,05/28/1977,family,Father
Ava,Walker,6789012456,ava.walker.456@example.com,10/23/1992,friend,Ava
John,Young,7890123567,john.young.789@example.com,03/08/1966,business,Tech Corp
Jane,Adams,2345679018,jane.adams.234@example.com,07/02/1981,friend,Janie
Michael,Brown,3456789133,michael.brown.567@example.com,12/17/1996,family,Cousin
Sarah,Clark,4567890234,sarah.clark.890@example.com,04/01/1974,business,Global Solutions
David,Davis,5678901355,david.davis.123@example.com,08/26/1989,friend,Dave
Emily,Evans,6789012458,emily.evans.456@example.com,06/10/1967,family,Uncle
James,Foster,7890123569,james.foster.789@example.com,11/04/1982,friend,Jimmy
Lisa,Gray,2345679020,lisa.gray.234@example.com,02/18/1998,friend,Liz
Robert,Hill,3456789135,robert.hill.567@example.com,07/14/1975,business,Innovate Inc
Emma,James,4567890236,emma.james.890@example.com,12/28/1990,family,Aunt
William,Kelly,5678901357,william.kelly.123@example.com,05/13/1969,friend,Will
Olivia,Lewis,6789012460,olivia.lewis.456@example.com,10/07/1984,business,Future Enterprises
Thomas,Martin,7890123571,thomas.martin.789@example.com,03/24/1999,friend,Tom
Sophia,Nelson,2345679022,sophia.nelson.234@example.com,07/18/1976,family,Grandparent
Charles,Owens,3456789137,charles.owens.567@example.com,12/31/1990,friend,Charlie
Ava,Parker,4567890238,ava.parker.890@example.com,04/15/1965,business,Star Industries
John,Quinn,5678901359,john.quinn.123@example.com,09/09/1980,friend,Johnny
Jane,Reed,6789012462,jane.reed.456@example.com,06/23/1995,family,Brother
Michael,Smith,7890123573,michael.smith.789@example.com,11/18/1972,friend,Mike
Sarah,Taylor,2345679024,sarah.taylor.234@example.com,02/02/1987,family,Sister
David,Underwood,3456789139,david.underwood.567@example.com,06/27/1968,business,Vision LLC
Emily,Vance,4567890240,emily.vance.890@example.com,01/11/2000,friend,Em
James,Walker,5678901361,james.walker.123@example.com,05/26/1977,family,Father
Lisa,Young,6789012464,lisa.young.456@example.com,10/21/1992,friend,Liz
Robert,Adams,7890123575,robert.adams.789@example.com,03/06/1966,business,Progress Co
Emma,Brown,2345679026,emma.brown.234@example.com,06/30/1981,family,Cousin
William,Clark,3456789141,william.clark.567@example.com,12/15/1996,friend,Will
Olivia,Davis,4567890242,olivia.davis.890@example.com,03/31/1974,business,Elite Systems
Thomas,Evans,5678901363,thomas.evans.123@example.com,08/25/1989,friend,Tom
Sophia,Foster,6789012466,sophia.foster.456@example.com,06/09/1967,family,Uncle
Charles,Gray,7890123577,charles.gray.789@example.com,11/03/1982,friend,Charlie
Ava,Hill,2345679028,ava.hill.234@example.com,02/17/1998,family,Aunt
John,James,3456789143,john.james.567@example.com,07/13/1975,business,Tech Corp
Jane,Kelly,4567890244,jane.kelly.890@example.com,12/27/1990,friend,Janie
Michael,Lewis,5678901365,michael.lewis.123@example.com,05/12/1969,family,Grandparent
Sarah,Martin,6789012468,sarah.martin.456@example.com,10/06/1984,business,Global Solutions
David,Nelson,7890123579,david.nelson.789@example.com,03/23/1999,friend,Dave
Emily,Owens,2345679030,emily.owens.234@example.com,07/17/1976,family,Brother
James,Parker,3456789145,james.parker.567@example.com,12/31/1990,friend,Jimmy
Lisa,Quinn,4567890246,lisa.quinn.890@example.com,04/15/1965,business,Innovate Inc
Robert,Reed,5678901367,robert.reed.123@example.com,09/09/1980,friend,Rob
Emma,Smith,6789012470,emma.smith.456@example.com,06/23/1995,family,Sister
William,Taylor,7890123581,william.taylor.789@example.com,11/18/1972,friend,Will
Olivia,Underwood,2345679032,olivia.underwood.234@example.com,02/02/1987,family,Father
Thomas,Vance,3456789147,thomas.vance.567@example.com,06/27/1968,business,Future Enterprises
Sophia,Walker,4567890248,sophia.walker.890@example.com,01/11/2000,friend,Sophie
Charles,